"","directory","experiment","ppid","session_num","trial_num","block_num","trial_num_in_block","start_time","end_time","test_to_log","cursor_visibility","rotation","trial_type","target_angle","example_object_movement_filename","angular_dev_h","plane_visible","high_targets"
"1","visible_plane - B/5/S001","visible_plane - B",5,1,1,1,1,46.73446,305.7029,"A","True",0,"aligned_1_1",90,"example_object_movement_T001.csv",-39.3025692283412,FALSE,FALSE
"2","visible_plane - B/5/S001","visible_plane - B",5,1,2,1,2,305.7029,324.481,"A","True",0,"aligned_1_1",90,"example_object_movement_T002.csv",14.0362434679265,FALSE,FALSE
"3","visible_plane - B/5/S001","visible_plane - B",5,1,3,1,3,324.481,332.8145,"A","True",0,"aligned_1_1",90,"example_object_movement_T003.csv",-5.44922612896465,FALSE,FALSE
"4","visible_plane - B/5/S001","visible_plane - B",5,1,4,1,4,332.8145,336.9256,"A","True",0,"aligned_1_1",90,"example_object_movement_T004.csv",-10.3684554123951,FALSE,FALSE
"5","visible_plane - B/5/S001","visible_plane - B",5,1,5,1,5,336.9256,358.3036,"A","True",0,"aligned_1_1",90,"example_object_movement_T005.csv",-45,FALSE,FALSE
"6","visible_plane - B/5/S001","visible_plane - B",5,1,6,1,6,358.3036,386.4931,"A","True",0,"aligned_1_1",90,"example_object_movement_T006.csv",1.83150840800732,FALSE,FALSE
"7","visible_plane - B/5/S001","visible_plane - B",5,1,7,1,7,386.4931,393.1153,"A","True",0,"aligned_1_1",90,"example_object_movement_T007.csv",-3.29520995285105,FALSE,FALSE
"8","visible_plane - B/5/S001","visible_plane - B",5,1,8,1,8,393.1153,397.1708,"A","True",0,"aligned_1_1",90,"example_object_movement_T008.csv",-12.2647737278924,FALSE,FALSE
"9","visible_plane - B/5/S001","visible_plane - B",5,1,9,1,9,397.1708,400.8044,"A","True",0,"aligned_1_1",90,"example_object_movement_T009.csv",-6.97761849083169,FALSE,FALSE
"10","visible_plane - B/5/S001","visible_plane - B",5,1,10,1,10,400.8044,404.8154,"A","True",0,"aligned_1_1",90,"example_object_movement_T010.csv",-1.62728332239359,FALSE,FALSE
"11","visible_plane - B/5/S001","visible_plane - B",5,1,11,1,11,404.8154,408.7265,"A","True",0,"aligned_1_1",90,"example_object_movement_T011.csv",-2.17474411461005,FALSE,FALSE
"12","visible_plane - B/5/S001","visible_plane - B",5,1,12,1,12,408.7265,412.4599,"A","True",0,"aligned_1_1",90,"example_object_movement_T012.csv",3.44085692222971,FALSE,FALSE
"13","visible_plane - B/5/S001","visible_plane - B",5,1,13,1,13,412.4599,415.7045,"A","True",0,"aligned_1_1",90,"example_object_movement_T013.csv",-4.48785186154167,FALSE,FALSE
"14","visible_plane - B/5/S001","visible_plane - B",5,1,14,1,14,415.7045,419.2711,"A","True",0,"aligned_1_1",90,"example_object_movement_T014.csv",-0.164642591407457,FALSE,FALSE
"15","visible_plane - B/5/S001","visible_plane - B",5,1,15,1,15,419.2711,423.9711,"A","True",0,"aligned_1_1",90,"example_object_movement_T015.csv",-4.96974072811031,FALSE,FALSE
"16","visible_plane - B/5/S001","visible_plane - B",5,1,16,1,16,423.9711,428.8489,"A","True",0,"aligned_1_1",90,"example_object_movement_T016.csv",6.11550356628541,FALSE,FALSE
"17","visible_plane - B/5/S001","visible_plane - B",5,1,17,1,17,428.8489,433.5714,"A","True",0,"aligned_1_1",90,"example_object_movement_T017.csv",-1.50743575877496,FALSE,FALSE
"18","visible_plane - B/5/S001","visible_plane - B",5,1,18,1,18,433.5714,436.9824,"A","True",0,"aligned_1_1",90,"example_object_movement_T018.csv",-11.9341959250586,FALSE,FALSE
"19","visible_plane - B/5/S001","visible_plane - B",5,1,19,1,19,436.9824,441.0717,"A","True",0,"aligned_1_1",90,"example_object_movement_T019.csv",-4.48785186154167,FALSE,FALSE
"20","visible_plane - B/5/S001","visible_plane - B",5,1,20,1,20,441.0717,444.2157,"A","True",0,"aligned_1_1",90,"example_object_movement_T020.csv",-2.18965435095853,FALSE,FALSE
"21","visible_plane - B/5/S001","visible_plane - B",5,1,21,1,21,444.2157,447.5379,"A","True",0,"aligned_1_1",90,"example_object_movement_T021.csv",-7.84709900921375,FALSE,FALSE
"22","visible_plane - B/5/S001","visible_plane - B",5,1,22,1,22,447.5379,451.2162,"A","True",0,"aligned_1_1",90,"example_object_movement_T022.csv",-0.169513645977091,FALSE,FALSE
"23","visible_plane - B/5/S001","visible_plane - B",5,1,23,1,23,451.2162,454.3938,"A","True",0,"aligned_1_1",90,"example_object_movement_T023.csv",-3.49705973929824,FALSE,FALSE
"24","visible_plane - B/5/S001","visible_plane - B",5,1,24,1,24,454.3938,457.5605,"A","True",0,"aligned_1_1",90,"example_object_movement_T024.csv",-2.4666009485254,FALSE,FALSE
"25","visible_plane - B/5/S001","visible_plane - B",5,1,25,1,25,457.5605,460.8719,"A","True",0,"aligned_1_1",90,"example_object_movement_T025.csv",-13.0218745346333,FALSE,FALSE
"26","visible_plane - B/5/S001","visible_plane - B",5,1,26,1,26,460.8719,464.2939,"A","True",0,"aligned_1_1",90,"example_object_movement_T026.csv",-5.08710485434707,FALSE,FALSE
"27","visible_plane - B/5/S001","visible_plane - B",5,1,27,1,27,464.2939,467.5274,"A","True",0,"aligned_1_1",90,"example_object_movement_T027.csv",0.88686073747165,FALSE,FALSE
"28","visible_plane - B/5/S001","visible_plane - B",5,1,28,1,28,467.5274,470.9943,"A","True",0,"aligned_1_1",90,"example_object_movement_T028.csv",-7.73359809902287,FALSE,FALSE
"29","visible_plane - B/5/S001","visible_plane - B",5,1,29,1,29,470.9943,474.4057,"A","True",0,"aligned_1_1",90,"example_object_movement_T029.csv",-5.72639451037898,FALSE,FALSE
"30","visible_plane - B/5/S001","visible_plane - B",5,1,30,1,30,474.4057,478.3608,"A","True",0,"aligned_1_1",90,"example_object_movement_T030.csv",-2.08888966620701,FALSE,FALSE
"31","visible_plane - B/5/S001","visible_plane - B",5,1,31,1,31,478.3608,483.1387,"A","True",0,"aligned_1_1",90,"example_object_movement_T031.csv",-6.23708007645848,FALSE,FALSE
"32","visible_plane - B/5/S001","visible_plane - B",5,1,32,1,32,483.1387,487.4611,"A","True",0,"aligned_1_1",90,"example_object_movement_T032.csv",0.510037976966672,FALSE,FALSE
"33","visible_plane - B/5/S001","visible_plane - B",5,1,33,1,33,487.4611,491.972,"A","True",0,"aligned_1_1",90,"example_object_movement_T033.csv",4.91461836240777,FALSE,FALSE
"34","visible_plane - B/5/S001","visible_plane - B",5,1,34,1,34,491.972,495.7721,"A","True",0,"aligned_1_1",90,"example_object_movement_T034.csv",-3.80144070450328,FALSE,FALSE
"35","visible_plane - B/5/S001","visible_plane - B",5,1,35,1,35,495.7721,499.6169,"A","True",0,"aligned_1_1",90,"example_object_movement_T035.csv",-6.97761849083169,FALSE,FALSE
"36","visible_plane - B/5/S001","visible_plane - B",5,1,36,1,36,499.6169,503.4944,"A","True",0,"aligned_1_1",90,"example_object_movement_T036.csv",-8.73209159006964,FALSE,FALSE
"37","visible_plane - B/5/S001","visible_plane - B",5,1,37,1,37,503.4944,507.5277,"A","True",0,"aligned_1_1",90,"example_object_movement_T037.csv",-1.13817700748818,FALSE,FALSE
"38","visible_plane - B/5/S001","visible_plane - B",5,1,38,1,38,507.5277,511.25,"A","True",0,"aligned_1_1",90,"example_object_movement_T038.csv",1.23008844775735,FALSE,FALSE
"39","visible_plane - B/5/S001","visible_plane - B",5,1,39,1,39,511.25,514.75,"A","True",0,"aligned_1_1",90,"example_object_movement_T039.csv",-0.892385458740549,FALSE,FALSE
"40","visible_plane - B/5/S001","visible_plane - B",5,1,40,1,40,514.75,518.2723,"A","True",0,"aligned_1_1",90,"example_object_movement_T040.csv",-0.533796165832769,FALSE,FALSE
"41","visible_plane - B/5/S001","visible_plane - B",5,1,41,1,41,518.2723,521.7725,"A","True",0,"aligned_1_1",90,"example_object_movement_T041.csv",-5.3862502702882,FALSE,FALSE
"42","visible_plane - B/5/S001","visible_plane - B",5,1,42,1,42,521.7725,525.1724,"A","True",0,"aligned_1_1",90,"example_object_movement_T042.csv",7.42446891591842,FALSE,FALSE
"43","visible_plane - B/5/S001","visible_plane - B",5,1,43,1,43,525.1724,529.2503,"A","True",0,"aligned_1_1",90,"example_object_movement_T043.csv",-5.53326229080753,FALSE,FALSE
"44","visible_plane - B/5/S001","visible_plane - B",5,1,44,1,44,529.2503,539.1726,"A","True",0,"aligned_1_1",90,"example_object_movement_T044.csv",-18.1218602479014,FALSE,FALSE
"45","visible_plane - B/5/S001","visible_plane - B",5,1,45,1,45,539.1726,543.0392,"A","True",0,"aligned_1_1",90,"example_object_movement_T045.csv",-1.90915243299638,FALSE,FALSE
"46","visible_plane - B/5/S001","visible_plane - B",5,1,46,2,1,543.0392,546.6505,"A","False",0,"no_cursor_1_2",80,"example_object_movement_T046.csv",-2.4109557406024,TRUE,FALSE
"47","visible_plane - B/5/S001","visible_plane - B",5,1,47,2,2,546.6505,551.1172,"A","False",0,"no_cursor_1_2",140,"example_object_movement_T047.csv",1.36943920611233,TRUE,FALSE
"48","visible_plane - B/5/S001","visible_plane - B",5,1,48,2,3,551.1172,563.14,"A","False",0,"no_cursor_1_2",60,"example_object_movement_T048.csv",-14.3338000298169,TRUE,FALSE
"49","visible_plane - B/5/S001","visible_plane - B",5,1,49,2,4,563.14,571.2288,"A","False",0,"no_cursor_1_2",100,"example_object_movement_T049.csv",-4.04016088928694,TRUE,FALSE
"50","visible_plane - B/5/S001","visible_plane - B",5,1,50,2,5,571.2288,582.6957,"A","False",0,"no_cursor_1_2",120,"example_object_movement_T050.csv",-6.38952864698169,TRUE,FALSE
"51","visible_plane - B/5/S001","visible_plane - B",5,1,51,2,6,582.6957,591.2845,"A","False",0,"no_cursor_1_2",40,"example_object_movement_T051.csv",-18.9740196203298,TRUE,FALSE
"52","visible_plane - B/5/S001","visible_plane - B",5,1,52,2,7,591.2845,603.1067,"A","False",0,"no_cursor_1_2",80,"example_object_movement_T052.csv",-11.8721886714882,TRUE,FALSE
"53","visible_plane - B/5/S001","visible_plane - B",5,1,53,2,8,603.1067,616.5068,"A","False",0,"no_cursor_1_2",140,"example_object_movement_T053.csv",1.14321519658446,TRUE,FALSE
"54","visible_plane - B/5/S001","visible_plane - B",5,1,54,2,9,616.5068,622.6627,"A","False",0,"no_cursor_1_2",40,"example_object_movement_T054.csv",3.16029696270388,TRUE,FALSE
"55","visible_plane - B/5/S001","visible_plane - B",5,1,55,2,10,622.6627,648.8074,"A","False",0,"no_cursor_1_2",60,"example_object_movement_T055.csv",-2.52854540433823,TRUE,FALSE
"56","visible_plane - B/5/S001","visible_plane - B",5,1,56,2,11,648.8074,653.1962,"A","False",0,"no_cursor_1_2",100,"example_object_movement_T056.csv",8.69898280418111,TRUE,FALSE
"57","visible_plane - B/5/S001","visible_plane - B",5,1,57,2,12,653.1962,657.5522,"A","False",0,"no_cursor_1_2",120,"example_object_movement_T057.csv",-6.23289229541842,TRUE,FALSE
"58","visible_plane - B/5/S001","visible_plane - B",5,1,58,3,1,657.5522,663.0633,"A","True",0,"topup_aligned_1_3",90,"example_object_movement_T058.csv",-4.56094520316131,FALSE,FALSE
"59","visible_plane - B/5/S001","visible_plane - B",5,1,59,3,2,663.0633,666.4406,"A","True",0,"topup_aligned_1_3",90,"example_object_movement_T059.csv",-6.89445107631268,FALSE,FALSE
"60","visible_plane - B/5/S001","visible_plane - B",5,1,60,3,3,666.4406,670.3519,"A","True",0,"topup_aligned_1_3",90,"example_object_movement_T060.csv",4.16650488554869,FALSE,FALSE
"61","visible_plane - B/5/S001","visible_plane - B",5,1,61,3,4,670.3519,673.4407,"A","True",0,"topup_aligned_1_3",90,"example_object_movement_T061.csv",4.54804240912543,FALSE,FALSE
"62","visible_plane - B/5/S001","visible_plane - B",5,1,62,3,5,673.4407,676.4409,"A","True",0,"topup_aligned_1_3",90,"example_object_movement_T062.csv",-9.55428967240177,FALSE,FALSE
"63","visible_plane - B/5/S001","visible_plane - B",5,1,63,3,6,676.4409,680.5302,"A","True",0,"topup_aligned_1_3",90,"example_object_movement_T063.csv",10.1179946038591,FALSE,FALSE
"64","visible_plane - B/5/S001","visible_plane - B",5,1,64,3,7,680.5302,684.4189,"A","True",0,"topup_aligned_1_3",90,"example_object_movement_T064.csv",3.73507735498228,FALSE,FALSE
"65","visible_plane - B/5/S001","visible_plane - B",5,1,65,3,8,684.4189,688.2966,"A","True",0,"topup_aligned_1_3",90,"example_object_movement_T065.csv",-3.79008162819154,FALSE,FALSE
"66","visible_plane - B/5/S001","visible_plane - B",5,1,66,3,9,688.2966,691.6301,"A","True",0,"topup_aligned_1_3",90,"example_object_movement_T066.csv",7.94347181059042,FALSE,FALSE
"67","visible_plane - B/5/S001","visible_plane - B",5,1,67,3,10,691.6301,694.7746,"A","True",0,"topup_aligned_1_3",90,"example_object_movement_T067.csv",-13.576784355158,FALSE,FALSE
"68","visible_plane - B/5/S001","visible_plane - B",5,1,68,3,11,694.7746,698.241,"A","True",0,"topup_aligned_1_3",90,"example_object_movement_T068.csv",-1.11964468052916,FALSE,FALSE
"69","visible_plane - B/5/S001","visible_plane - B",5,1,69,3,12,698.241,701.797,"A","True",0,"topup_aligned_1_3",90,"example_object_movement_T069.csv",2.0014573769686,FALSE,FALSE
"70","visible_plane - B/5/S001","visible_plane - B",5,1,70,3,13,701.797,705.1415,"A","True",0,"topup_aligned_1_3",90,"example_object_movement_T070.csv",0.366102234831345,FALSE,FALSE
"71","visible_plane - B/5/S001","visible_plane - B",5,1,71,3,14,705.1415,708.7637,"A","True",0,"topup_aligned_1_3",90,"example_object_movement_T071.csv",1.35186187555924,FALSE,FALSE
"72","visible_plane - B/5/S001","visible_plane - B",5,1,72,3,15,708.7637,712.7746,"A","True",0,"topup_aligned_1_3",90,"example_object_movement_T072.csv",0.498211612613645,FALSE,FALSE
"73","visible_plane - B/5/S001","visible_plane - B",5,1,73,4,1,712.7746,716.2745,"A","False",0,"no_cursor_1_4",120,"example_object_movement_T073.csv",-0.945395900922833,FALSE,FALSE
"74","visible_plane - B/5/S001","visible_plane - B",5,1,74,4,2,716.2745,719.9528,"A","False",0,"no_cursor_1_4",40,"example_object_movement_T074.csv",-13.1013527118665,FALSE,FALSE
"75","visible_plane - B/5/S001","visible_plane - B",5,1,75,4,3,719.9528,723.564,"A","False",0,"no_cursor_1_4",140,"example_object_movement_T075.csv",-21.0000848243523,FALSE,FALSE
"76","visible_plane - B/5/S001","visible_plane - B",5,1,76,4,4,723.564,727.8417,"A","False",0,"no_cursor_1_4",60,"example_object_movement_T076.csv",-18.0393995689269,FALSE,FALSE
"77","visible_plane - B/5/S001","visible_plane - B",5,1,77,4,5,727.8417,731.6749,"A","False",0,"no_cursor_1_4",100,"example_object_movement_T077.csv",-13.0722493741021,FALSE,FALSE
"78","visible_plane - B/5/S001","visible_plane - B",5,1,78,4,6,731.6749,735.1309,"A","False",0,"no_cursor_1_4",80,"example_object_movement_T078.csv",6.6433890492999,FALSE,FALSE
"79","visible_plane - B/5/S001","visible_plane - B",5,1,79,4,7,735.1309,739.0974,"A","False",0,"no_cursor_1_4",60,"example_object_movement_T079.csv",21.0919475739263,FALSE,FALSE
"80","visible_plane - B/5/S001","visible_plane - B",5,1,80,4,8,739.0974,742.9642,"A","False",0,"no_cursor_1_4",40,"example_object_movement_T080.csv",6.17875916991122,FALSE,FALSE
"81","visible_plane - B/5/S001","visible_plane - B",5,1,81,4,9,742.9642,746.7303,"A","False",0,"no_cursor_1_4",120,"example_object_movement_T081.csv",0.650667957052889,FALSE,FALSE
"82","visible_plane - B/5/S001","visible_plane - B",5,1,82,4,10,746.7303,750.5975,"A","False",0,"no_cursor_1_4",80,"example_object_movement_T082.csv",-21.4372645908085,FALSE,FALSE
"83","visible_plane - B/5/S001","visible_plane - B",5,1,83,4,11,750.5975,755.7866,"A","False",0,"no_cursor_1_4",140,"example_object_movement_T083.csv",-12.0318020393089,FALSE,FALSE
"84","visible_plane - B/5/S001","visible_plane - B",5,1,84,4,12,755.7866,759.931,"A","False",0,"no_cursor_1_4",100,"example_object_movement_T084.csv",-0.509945083824036,FALSE,FALSE
"85","visible_plane - B/5/S001","visible_plane - B",5,1,85,5,1,759.931,763.8975,"A","True",0,"topup_aligned_1_5",90,"example_object_movement_T085.csv",8.42696902148067,FALSE,FALSE
"86","visible_plane - B/5/S001","visible_plane - B",5,1,86,5,2,763.8975,766.9977,"A","True",0,"topup_aligned_1_5",90,"example_object_movement_T086.csv",-2.92247266802489,FALSE,FALSE
"87","visible_plane - B/5/S001","visible_plane - B",5,1,87,5,3,766.9977,770.0645,"A","True",0,"topup_aligned_1_5",90,"example_object_movement_T087.csv",1.11601039140727,FALSE,FALSE
"88","visible_plane - B/5/S001","visible_plane - B",5,1,88,5,4,770.0645,777.02,"A","True",0,"topup_aligned_1_5",90,"example_object_movement_T088.csv",-2.44865658382442,FALSE,FALSE
"89","visible_plane - B/5/S001","visible_plane - B",5,1,89,5,5,777.02,780.0311,"A","True",0,"topup_aligned_1_5",90,"example_object_movement_T089.csv",3.79008162819156,FALSE,FALSE
"90","visible_plane - B/5/S001","visible_plane - B",5,1,90,5,6,780.0311,783.42,"A","True",0,"topup_aligned_1_5",90,"example_object_movement_T090.csv",1.16913932790743,FALSE,FALSE
"91","visible_plane - B/5/S001","visible_plane - B",5,1,91,5,7,783.42,786.9202,"A","True",0,"topup_aligned_1_5",90,"example_object_movement_T091.csv",5.36658178346158,FALSE,FALSE
"92","visible_plane - B/5/S001","visible_plane - B",5,1,92,5,8,786.9202,790.4536,"A","True",0,"topup_aligned_1_5",90,"example_object_movement_T092.csv",4.35517856201692,FALSE,FALSE
"93","visible_plane - B/5/S001","visible_plane - B",5,1,93,5,9,790.4536,795.8757,"A","True",0,"topup_aligned_1_5",90,"example_object_movement_T093.csv",-14.2134920270478,FALSE,FALSE
"94","visible_plane - B/5/S001","visible_plane - B",5,1,94,5,10,795.8757,801.665,"A","True",0,"topup_aligned_1_5",90,"example_object_movement_T094.csv",-5.24027774791895,FALSE,FALSE
"95","visible_plane - B/5/S001","visible_plane - B",5,1,95,5,11,801.665,805.476,"A","True",0,"topup_aligned_1_5",90,"example_object_movement_T095.csv",4.80635722419876,FALSE,FALSE
"96","visible_plane - B/5/S001","visible_plane - B",5,1,96,5,12,805.476,808.5538,"A","True",0,"topup_aligned_1_5",90,"example_object_movement_T096.csv",5.40621217229463,FALSE,FALSE
"97","visible_plane - B/5/S001","visible_plane - B",5,1,97,5,13,808.5538,811.6205,"A","True",0,"topup_aligned_1_5",90,"example_object_movement_T097.csv",-7.43821188748218,FALSE,FALSE
"98","visible_plane - B/5/S001","visible_plane - B",5,1,98,5,14,811.6205,816.0206,"A","True",0,"topup_aligned_1_5",90,"example_object_movement_T098.csv",7.62971525536375,FALSE,FALSE
"99","visible_plane - B/5/S001","visible_plane - B",5,1,99,5,15,816.0206,820.7984,"A","True",0,"topup_aligned_1_5",90,"example_object_movement_T099.csv",2.04540848888723,FALSE,FALSE
"100","visible_plane - B/5/S001","visible_plane - B",5,1,100,6,1,820.7984,827.7097,"A","False",0,"no_cursor_1_6",40,"example_object_movement_T100.csv",-28.548421882498,TRUE,TRUE
"101","visible_plane - B/5/S001","visible_plane - B",5,1,101,6,2,827.7097,831.8875,"A","False",0,"no_cursor_1_6",100,"example_object_movement_T101.csv",-6.60205237536199,TRUE,TRUE
"102","visible_plane - B/5/S001","visible_plane - B",5,1,102,6,3,831.8875,836.5096,"A","False",0,"no_cursor_1_6",80,"example_object_movement_T102.csv",-24.8887580918787,TRUE,TRUE
"103","visible_plane - B/5/S001","visible_plane - B",5,1,103,6,4,836.5096,840.2208,"A","False",0,"no_cursor_1_6",140,"example_object_movement_T103.csv",-3.99491399474579,TRUE,TRUE
"104","visible_plane - B/5/S001","visible_plane - B",5,1,104,6,5,840.2208,843.8209,"A","False",0,"no_cursor_1_6",60,"example_object_movement_T104.csv",-15.465809082765,TRUE,TRUE
"105","visible_plane - B/5/S001","visible_plane - B",5,1,105,6,6,843.8209,849.1655,"A","False",0,"no_cursor_1_6",120,"example_object_movement_T105.csv",11.304514723328,TRUE,TRUE
"106","visible_plane - B/5/S001","visible_plane - B",5,1,106,6,7,849.1655,854.0656,"A","False",0,"no_cursor_1_6",80,"example_object_movement_T106.csv",-27.3493490446406,TRUE,TRUE
"107","visible_plane - B/5/S001","visible_plane - B",5,1,107,6,8,854.0656,861.31,"A","False",0,"no_cursor_1_6",100,"example_object_movement_T107.csv",-5.9275607219807,TRUE,TRUE
"108","visible_plane - B/5/S001","visible_plane - B",5,1,108,6,9,861.31,873.977,"A","False",0,"no_cursor_1_6",60,"example_object_movement_T108.csv",-15.4620527214308,TRUE,TRUE
"109","visible_plane - B/5/S001","visible_plane - B",5,1,109,6,10,873.977,877.9329,"A","False",0,"no_cursor_1_6",120,"example_object_movement_T109.csv",0.7740361012482,TRUE,TRUE
"110","visible_plane - B/5/S001","visible_plane - B",5,1,110,6,11,877.9329,881.3771,"A","False",0,"no_cursor_1_6",40,"example_object_movement_T110.csv",13.0189205153513,TRUE,TRUE
"111","visible_plane - B/5/S001","visible_plane - B",5,1,111,6,12,881.3771,885.1658,"A","False",0,"no_cursor_1_6",140,"example_object_movement_T111.csv",-0.713896752600135,TRUE,TRUE
"112","visible_plane - B/5/S001","visible_plane - B",5,1,112,7,1,885.1658,889.377,"A","True",0,"topup_aligned_1_7",90,"example_object_movement_T112.csv",2.83100167786527,FALSE,FALSE
"113","visible_plane - B/5/S001","visible_plane - B",5,1,113,7,2,889.377,892.5325,"A","True",0,"topup_aligned_1_7",90,"example_object_movement_T113.csv",7.52382043863864,FALSE,FALSE
"114","visible_plane - B/5/S001","visible_plane - B",5,1,114,7,3,892.5325,895.7327,"A","True",0,"topup_aligned_1_7",90,"example_object_movement_T114.csv",5.59613254302121,FALSE,FALSE
"115","visible_plane - B/5/S001","visible_plane - B",5,1,115,7,4,895.7327,899.8104,"A","True",0,"topup_aligned_1_7",90,"example_object_movement_T115.csv",-5.86027698147088,FALSE,FALSE
"116","visible_plane - B/5/S001","visible_plane - B",5,1,116,7,5,899.8104,903.366,"A","True",0,"topup_aligned_1_7",90,"example_object_movement_T116.csv",2.65529298653294,FALSE,FALSE
"117","visible_plane - B/5/S001","visible_plane - B",5,1,117,7,6,903.366,906.9771,"A","True",0,"topup_aligned_1_7",90,"example_object_movement_T117.csv",2.79670850327585,FALSE,FALSE
"118","visible_plane - B/5/S001","visible_plane - B",5,1,118,7,7,906.9771,910.1105,"A","True",0,"topup_aligned_1_7",90,"example_object_movement_T118.csv",6.10380935693397,FALSE,FALSE
"119","visible_plane - B/5/S001","visible_plane - B",5,1,119,7,8,910.1105,913.1774,"A","True",0,"topup_aligned_1_7",90,"example_object_movement_T119.csv",-1.9936683250415,FALSE,FALSE
"120","visible_plane - B/5/S001","visible_plane - B",5,1,120,7,9,913.1774,916.2552,"A","True",0,"topup_aligned_1_7",90,"example_object_movement_T120.csv",-7.392647471394,FALSE,FALSE
"121","visible_plane - B/5/S001","visible_plane - B",5,1,121,7,10,916.2552,921.9107,"A","True",0,"topup_aligned_1_7",90,"example_object_movement_T121.csv",4.42697164747939,FALSE,FALSE
"122","visible_plane - B/5/S001","visible_plane - B",5,1,122,7,11,921.9107,925.0329,"A","True",0,"topup_aligned_1_7",90,"example_object_movement_T122.csv",-5.94686305397352,FALSE,FALSE
"123","visible_plane - B/5/S001","visible_plane - B",5,1,123,7,12,925.0329,930.033,"A","True",0,"topup_aligned_1_7",90,"example_object_movement_T123.csv",-8.96334494002002,FALSE,FALSE
"124","visible_plane - B/5/S001","visible_plane - B",5,1,124,7,13,930.033,933.4109,"A","True",0,"topup_aligned_1_7",90,"example_object_movement_T124.csv",-5.50547785797835,FALSE,FALSE
"125","visible_plane - B/5/S001","visible_plane - B",5,1,125,7,14,933.4109,936.7553,"A","True",0,"topup_aligned_1_7",90,"example_object_movement_T125.csv",7.681043659971,FALSE,FALSE
"126","visible_plane - B/5/S001","visible_plane - B",5,1,126,7,15,936.7553,941.711,"A","True",0,"topup_aligned_1_7",90,"example_object_movement_T126.csv",-4.60009566626329,FALSE,FALSE
"127","visible_plane - B/5/S001","visible_plane - B",5,1,127,8,1,941.711,945.6888,"A","False",0,"no_cursor_1_8",100,"example_object_movement_T127.csv",12.2175942695183,FALSE,TRUE
"128","visible_plane - B/5/S001","visible_plane - B",5,1,128,8,2,945.6888,951.2111,"A","False",0,"no_cursor_1_8",80,"example_object_movement_T128.csv",-13.2439194436792,FALSE,TRUE
"129","visible_plane - B/5/S001","visible_plane - B",5,1,129,8,3,951.2111,954.611,"A","False",0,"no_cursor_1_8",120,"example_object_movement_T129.csv",18.6744995208297,FALSE,TRUE
"130","visible_plane - B/5/S001","visible_plane - B",5,1,130,8,4,954.611,958.4334,"A","False",0,"no_cursor_1_8",140,"example_object_movement_T130.csv",9.74356283647074,FALSE,TRUE
"131","visible_plane - B/5/S001","visible_plane - B",5,1,131,8,5,958.4334,962.0112,"A","False",0,"no_cursor_1_8",40,"example_object_movement_T131.csv",-17.1575742698679,FALSE,TRUE
"132","visible_plane - B/5/S001","visible_plane - B",5,1,132,8,6,962.0112,968.1669,"A","False",0,"no_cursor_1_8",60,"example_object_movement_T132.csv",-3.09839376183243,FALSE,TRUE
"133","visible_plane - B/5/S001","visible_plane - B",5,1,133,8,7,968.1669,972.0668,"A","False",0,"no_cursor_1_8",140,"example_object_movement_T133.csv",16.1198561534248,FALSE,TRUE
"134","visible_plane - B/5/S001","visible_plane - B",5,1,134,8,8,972.0668,976.0226,"A","False",0,"no_cursor_1_8",120,"example_object_movement_T134.csv",-11.2077016765139,FALSE,TRUE
"135","visible_plane - B/5/S001","visible_plane - B",5,1,135,8,9,976.0226,979.645,"A","False",0,"no_cursor_1_8",60,"example_object_movement_T135.csv",-23.059103902871,FALSE,TRUE
"136","visible_plane - B/5/S001","visible_plane - B",5,1,136,8,10,979.645,983.6005,"A","False",0,"no_cursor_1_8",80,"example_object_movement_T136.csv",6.35881474209867,FALSE,TRUE
"137","visible_plane - B/5/S001","visible_plane - B",5,1,137,8,11,983.6005,990.8895,"A","False",0,"no_cursor_1_8",40,"example_object_movement_T137.csv",-23.2694722422174,FALSE,TRUE
"138","visible_plane - B/5/S001","visible_plane - B",5,1,138,8,12,990.8895,994.3339,"A","False",0,"no_cursor_1_8",100,"example_object_movement_T138.csv",-1.39551840690734,FALSE,TRUE
"139","visible_plane - B/5/S001","visible_plane - B",5,1,139,9,1,994.3339,1093.769,"A","True",-45,"rotated_2_1",90,"example_object_movement_T139.csv",-1.0912162252626,FALSE,FALSE
"140","visible_plane - B/5/S001","visible_plane - B",5,1,140,9,2,1093.769,1099.235,"A","True",-45,"rotated_2_1",90,"example_object_movement_T140.csv",-31.7441275183225,FALSE,FALSE
"141","visible_plane - B/5/S001","visible_plane - B",5,1,141,9,3,1099.235,1103.291,"A","True",-45,"rotated_2_1",90,"example_object_movement_T141.csv",-56.5891948256029,FALSE,FALSE
"142","visible_plane - B/5/S001","visible_plane - B",5,1,142,9,4,1103.291,1139.891,"A","True",-45,"rotated_2_1",90,"example_object_movement_T142.csv",-73.1578292660554,FALSE,FALSE
"143","visible_plane - B/5/S001","visible_plane - B",5,1,143,9,5,1139.891,1144.08,"A","True",-45,"rotated_2_1",90,"example_object_movement_T143.csv",-48.2973463670211,FALSE,FALSE
"144","visible_plane - B/5/S001","visible_plane - B",5,1,144,9,6,1144.08,1148.635,"A","True",-45,"rotated_2_1",90,"example_object_movement_T144.csv",-52.5376488646404,FALSE,FALSE
"145","visible_plane - B/5/S001","visible_plane - B",5,1,145,9,7,1148.635,1153.736,"A","True",-45,"rotated_2_1",90,"example_object_movement_T145.csv",-49.5377725079067,FALSE,FALSE
"146","visible_plane - B/5/S001","visible_plane - B",5,1,146,9,8,1153.736,1168.781,"A","True",-45,"rotated_2_1",90,"example_object_movement_T146.csv",-27.7904424794521,FALSE,FALSE
"147","visible_plane - B/5/S001","visible_plane - B",5,1,147,9,9,1168.781,1176.514,"A","True",-45,"rotated_2_1",90,"example_object_movement_T147.csv",-30.0378447456735,FALSE,FALSE
"148","visible_plane - B/5/S001","visible_plane - B",5,1,148,9,10,1176.514,1192.448,"A","True",-45,"rotated_2_1",90,"example_object_movement_T148.csv",-17.0058287336806,FALSE,FALSE
"149","visible_plane - B/5/S001","visible_plane - B",5,1,149,9,11,1192.448,1206.47,"A","True",-45,"rotated_2_1",90,"example_object_movement_T149.csv",-3.69704930357358,FALSE,FALSE
"150","visible_plane - B/5/S001","visible_plane - B",5,1,150,9,12,1206.47,1217.87,"A","True",-45,"rotated_2_1",90,"example_object_movement_T150.csv",-57.7655657810586,FALSE,FALSE
"151","visible_plane - B/5/S001","visible_plane - B",5,1,151,9,13,1217.87,1222.703,"A","True",-45,"rotated_2_1",90,"example_object_movement_T151.csv",-46.4144232114022,FALSE,FALSE
"152","visible_plane - B/5/S001","visible_plane - B",5,1,152,9,14,1222.703,1226.215,"A","True",-45,"rotated_2_1",90,"example_object_movement_T152.csv",-49.3615726450206,FALSE,FALSE
"153","visible_plane - B/5/S001","visible_plane - B",5,1,153,9,15,1226.215,1229.792,"A","True",-45,"rotated_2_1",90,"example_object_movement_T153.csv",-31.9284503513132,FALSE,FALSE
"154","visible_plane - B/5/S001","visible_plane - B",5,1,154,9,16,1229.792,1233.27,"A","True",-45,"rotated_2_1",90,"example_object_movement_T154.csv",-30.6901978597687,FALSE,FALSE
"155","visible_plane - B/5/S001","visible_plane - B",5,1,155,9,17,1233.27,1237.815,"A","True",-45,"rotated_2_1",90,"example_object_movement_T155.csv",-53.9076654414697,FALSE,FALSE
"156","visible_plane - B/5/S001","visible_plane - B",5,1,156,9,18,1237.815,1242.015,"A","True",-45,"rotated_2_1",90,"example_object_movement_T156.csv",-52.1863280210724,FALSE,FALSE
"157","visible_plane - B/5/S001","visible_plane - B",5,1,157,9,19,1242.015,1245.425,"A","True",-45,"rotated_2_1",90,"example_object_movement_T157.csv",-55.6513892964566,FALSE,FALSE
"158","visible_plane - B/5/S001","visible_plane - B",5,1,158,9,20,1245.425,1249.115,"A","True",-45,"rotated_2_1",90,"example_object_movement_T158.csv",-32.5857073539144,FALSE,FALSE
"159","visible_plane - B/5/S001","visible_plane - B",5,1,159,9,21,1249.115,1255.57,"A","True",-45,"rotated_2_1",90,"example_object_movement_T159.csv",-28.53998518796,FALSE,FALSE
"160","visible_plane - B/5/S001","visible_plane - B",5,1,160,9,22,1255.57,1258.87,"A","True",-45,"rotated_2_1",90,"example_object_movement_T160.csv",-50.7715850023825,FALSE,FALSE
"161","visible_plane - B/5/S001","visible_plane - B",5,1,161,9,23,1258.87,1262.004,"A","True",-45,"rotated_2_1",90,"example_object_movement_T161.csv",-39.2767727327133,FALSE,FALSE
"162","visible_plane - B/5/S001","visible_plane - B",5,1,162,9,24,1262.004,1265.237,"A","True",-45,"rotated_2_1",90,"example_object_movement_T162.csv",-32.9777233138165,FALSE,FALSE
"163","visible_plane - B/5/S001","visible_plane - B",5,1,163,9,25,1265.237,1268.337,"A","True",-45,"rotated_2_1",90,"example_object_movement_T163.csv",-44.8723926842344,FALSE,FALSE
"164","visible_plane - B/5/S001","visible_plane - B",5,1,164,9,26,1268.337,1271.448,"A","True",-45,"rotated_2_1",90,"example_object_movement_T164.csv",-42.1561111298675,FALSE,FALSE
"165","visible_plane - B/5/S001","visible_plane - B",5,1,165,9,27,1271.448,1274.504,"A","True",-45,"rotated_2_1",90,"example_object_movement_T165.csv",-49.2538364361192,FALSE,FALSE
"166","visible_plane - B/5/S001","visible_plane - B",5,1,166,9,28,1274.504,1277.571,"A","True",-45,"rotated_2_1",90,"example_object_movement_T166.csv",-33.1356095487189,FALSE,FALSE
"167","visible_plane - B/5/S001","visible_plane - B",5,1,167,9,29,1277.571,1280.571,"A","True",-45,"rotated_2_1",90,"example_object_movement_T167.csv",-39.9688729532483,FALSE,FALSE
"168","visible_plane - B/5/S001","visible_plane - B",5,1,168,9,30,1280.571,1283.615,"A","True",-45,"rotated_2_1",90,"example_object_movement_T168.csv",-38.3847466153636,FALSE,FALSE
"169","visible_plane - B/5/S001","visible_plane - B",5,1,169,9,31,1283.615,1290.171,"A","True",-45,"rotated_2_1",90,"example_object_movement_T169.csv",-38.2830448198716,FALSE,FALSE
"170","visible_plane - B/5/S001","visible_plane - B",5,1,170,9,32,1290.171,1293.093,"A","True",-45,"rotated_2_1",90,"example_object_movement_T170.csv",-55.0543355999943,FALSE,FALSE
"171","visible_plane - B/5/S001","visible_plane - B",5,1,171,9,33,1293.093,1295.971,"A","True",-45,"rotated_2_1",90,"example_object_movement_T171.csv",-37.9373973295843,FALSE,FALSE
"172","visible_plane - B/5/S001","visible_plane - B",5,1,172,9,34,1295.971,1299.328,"A","True",-45,"rotated_2_1",90,"example_object_movement_T172.csv",-37.4053566314085,FALSE,FALSE
"173","visible_plane - B/5/S001","visible_plane - B",5,1,173,9,35,1299.328,1302.482,"A","True",-45,"rotated_2_1",90,"example_object_movement_T173.csv",-36.376308045074,FALSE,FALSE
"174","visible_plane - B/5/S001","visible_plane - B",5,1,174,9,36,1302.482,1305.282,"A","True",-45,"rotated_2_1",90,"example_object_movement_T174.csv",-40.4662088540154,FALSE,FALSE
"175","visible_plane - B/5/S001","visible_plane - B",5,1,175,9,37,1305.282,1308.082,"A","True",-45,"rotated_2_1",90,"example_object_movement_T175.csv",-35.6398091980867,FALSE,FALSE
"176","visible_plane - B/5/S001","visible_plane - B",5,1,176,9,38,1308.082,1310.949,"A","True",-45,"rotated_2_1",90,"example_object_movement_T176.csv",-45.132936604874,FALSE,FALSE
"177","visible_plane - B/5/S001","visible_plane - B",5,1,177,9,39,1310.949,1318.005,"A","True",-45,"rotated_2_1",90,"example_object_movement_T177.csv",-43.7546357332317,FALSE,FALSE
"178","visible_plane - B/5/S001","visible_plane - B",5,1,178,9,40,1318.005,1320.771,"A","True",-45,"rotated_2_1",90,"example_object_movement_T178.csv",-49.2641633491527,FALSE,FALSE
"179","visible_plane - B/5/S001","visible_plane - B",5,1,179,9,41,1320.771,1323.505,"A","True",-45,"rotated_2_1",90,"example_object_movement_T179.csv",-31.3083415380255,FALSE,FALSE
"180","visible_plane - B/5/S001","visible_plane - B",5,1,180,9,42,1323.505,1326.149,"A","True",-45,"rotated_2_1",90,"example_object_movement_T180.csv",-34.7936185890857,FALSE,FALSE
"181","visible_plane - B/5/S001","visible_plane - B",5,1,181,9,43,1326.149,1328.771,"A","True",-45,"rotated_2_1",90,"example_object_movement_T181.csv",-46.7287241090028,FALSE,FALSE
"182","visible_plane - B/5/S001","visible_plane - B",5,1,182,9,44,1328.771,1332.938,"A","True",-45,"rotated_2_1",90,"example_object_movement_T182.csv",-43.405454333296,FALSE,FALSE
"183","visible_plane - B/5/S001","visible_plane - B",5,1,183,9,45,1332.938,1336.372,"A","True",-45,"rotated_2_1",90,"example_object_movement_T183.csv",-43.3153156821037,FALSE,FALSE
"184","visible_plane - B/5/S001","visible_plane - B",5,1,184,9,46,1336.372,1339.605,"A","True",-45,"rotated_2_1",90,"example_object_movement_T184.csv",-53.2806822427218,FALSE,FALSE
"185","visible_plane - B/5/S001","visible_plane - B",5,1,185,9,47,1339.605,1344.583,"A","True",-45,"rotated_2_1",90,"example_object_movement_T185.csv",-43.1444142636347,FALSE,FALSE
"186","visible_plane - B/5/S001","visible_plane - B",5,1,186,9,48,1344.583,1350.55,"A","True",-45,"rotated_2_1",90,"example_object_movement_T186.csv",-42.7516668576491,FALSE,FALSE
"187","visible_plane - B/5/S001","visible_plane - B",5,1,187,9,49,1350.55,1353.916,"A","True",-45,"rotated_2_1",90,"example_object_movement_T187.csv",-36.1121483087803,FALSE,FALSE
"188","visible_plane - B/5/S001","visible_plane - B",5,1,188,9,50,1353.916,1357.694,"A","True",-45,"rotated_2_1",90,"example_object_movement_T188.csv",-48.257221940667,FALSE,FALSE
"189","visible_plane - B/5/S001","visible_plane - B",5,1,189,9,51,1357.694,1360.661,"A","True",-45,"rotated_2_1",90,"example_object_movement_T189.csv",-45.5003870987922,FALSE,FALSE
"190","visible_plane - B/5/S001","visible_plane - B",5,1,190,9,52,1360.661,1364.994,"A","True",-45,"rotated_2_1",90,"example_object_movement_T190.csv",-44.130065864371,FALSE,FALSE
"191","visible_plane - B/5/S001","visible_plane - B",5,1,191,9,53,1364.994,1369.861,"A","True",-45,"rotated_2_1",90,"example_object_movement_T191.csv",-45.770748745392,FALSE,FALSE
"192","visible_plane - B/5/S001","visible_plane - B",5,1,192,9,54,1369.861,1373.094,"A","True",-45,"rotated_2_1",90,"example_object_movement_T192.csv",-30.1317186415018,FALSE,FALSE
"193","visible_plane - B/5/S001","visible_plane - B",5,1,193,9,55,1373.094,1375.827,"A","True",-45,"rotated_2_1",90,"example_object_movement_T193.csv",-40.5028483853322,FALSE,FALSE
"194","visible_plane - B/5/S001","visible_plane - B",5,1,194,9,56,1375.827,1380.205,"A","True",-45,"rotated_2_1",90,"example_object_movement_T194.csv",-43.233729513991,FALSE,FALSE
"195","visible_plane - B/5/S001","visible_plane - B",5,1,195,9,57,1380.205,1383.628,"A","True",-45,"rotated_2_1",90,"example_object_movement_T195.csv",-31.5513849483135,FALSE,FALSE
"196","visible_plane - B/5/S001","visible_plane - B",5,1,196,9,58,1383.628,1389.716,"A","True",-45,"rotated_2_1",90,"example_object_movement_T196.csv",-33.322497399368,FALSE,FALSE
"197","visible_plane - B/5/S001","visible_plane - B",5,1,197,9,59,1389.716,1394.75,"A","True",-45,"rotated_2_1",90,"example_object_movement_T197.csv",-38.4610379170386,FALSE,FALSE
"198","visible_plane - B/5/S001","visible_plane - B",5,1,198,9,60,1394.75,1406.461,"A","True",-45,"rotated_2_1",90,"example_object_movement_T198.csv",-42.8690471128951,FALSE,FALSE
"199","visible_plane - B/5/S001","visible_plane - B",5,1,199,9,61,1406.461,1410.484,"A","True",-45,"rotated_2_1",90,"example_object_movement_T199.csv",-36.869897645844,FALSE,FALSE
"200","visible_plane - B/5/S001","visible_plane - B",5,1,200,9,62,1410.484,1414.45,"A","True",-45,"rotated_2_1",90,"example_object_movement_T200.csv",-39.487500084122,FALSE,FALSE
"201","visible_plane - B/5/S001","visible_plane - B",5,1,201,9,63,1414.45,1425.15,"A","True",-45,"rotated_2_1",90,"example_object_movement_T201.csv",-46.5601996869287,FALSE,FALSE
"202","visible_plane - B/5/S001","visible_plane - B",5,1,202,9,64,1425.15,1429.295,"A","True",-45,"rotated_2_1",90,"example_object_movement_T202.csv",-38.2695160653843,FALSE,FALSE
"203","visible_plane - B/5/S001","visible_plane - B",5,1,203,9,65,1429.295,1438.25,"A","True",-45,"rotated_2_1",90,"example_object_movement_T203.csv",-51.8143528894098,FALSE,FALSE
"204","visible_plane - B/5/S001","visible_plane - B",5,1,204,9,66,1438.25,1449.928,"A","True",-45,"rotated_2_1",90,"example_object_movement_T204.csv",-56.4158395244071,FALSE,FALSE
"205","visible_plane - B/5/S001","visible_plane - B",5,1,205,9,67,1449.928,1456.095,"A","True",-45,"rotated_2_1",90,"example_object_movement_T205.csv",-52.871181936831,FALSE,FALSE
"206","visible_plane - B/5/S001","visible_plane - B",5,1,206,9,68,1456.095,1473.751,"A","True",-45,"rotated_2_1",90,"example_object_movement_T206.csv",-55.1428636787627,FALSE,FALSE
"207","visible_plane - B/5/S001","visible_plane - B",5,1,207,9,69,1473.751,1476.973,"A","True",-45,"rotated_2_1",90,"example_object_movement_T207.csv",-52.5108888003885,FALSE,FALSE
"208","visible_plane - B/5/S001","visible_plane - B",5,1,208,9,70,1476.973,1480.851,"A","True",-45,"rotated_2_1",90,"example_object_movement_T208.csv",-43.7422109211106,FALSE,FALSE
"209","visible_plane - B/5/S001","visible_plane - B",5,1,209,9,71,1480.851,1484.184,"A","True",-45,"rotated_2_1",90,"example_object_movement_T209.csv",-45,FALSE,FALSE
"210","visible_plane - B/5/S001","visible_plane - B",5,1,210,9,72,1484.184,1488.507,"A","True",-45,"rotated_2_1",90,"example_object_movement_T210.csv",-40.9504182967286,FALSE,FALSE
"211","visible_plane - B/5/S001","visible_plane - B",5,1,211,9,73,1488.507,1495.651,"A","True",-45,"rotated_2_1",90,"example_object_movement_T211.csv",-40.4112595889045,FALSE,FALSE
"212","visible_plane - B/5/S001","visible_plane - B",5,1,212,9,74,1495.651,1498.74,"A","True",-45,"rotated_2_1",90,"example_object_movement_T212.csv",-47.4895529219992,FALSE,FALSE
"213","visible_plane - B/5/S001","visible_plane - B",5,1,213,9,75,1498.74,1501.707,"A","True",-45,"rotated_2_1",90,"example_object_movement_T213.csv",-38.8800696563524,FALSE,FALSE
"214","visible_plane - B/5/S001","visible_plane - B",5,1,214,9,76,1501.707,1507.851,"A","True",-45,"rotated_2_1",90,"example_object_movement_T214.csv",-50.5599472633095,FALSE,FALSE
"215","visible_plane - B/5/S001","visible_plane - B",5,1,215,9,77,1507.851,1512.174,"A","True",-45,"rotated_2_1",90,"example_object_movement_T215.csv",-44.2257798350719,FALSE,FALSE
"216","visible_plane - B/5/S001","visible_plane - B",5,1,216,9,78,1512.174,1523.785,"A","True",-45,"rotated_2_1",90,"example_object_movement_T216.csv",-53.1649750093222,FALSE,FALSE
"217","visible_plane - B/5/S001","visible_plane - B",5,1,217,9,79,1523.785,1526.796,"A","True",-45,"rotated_2_1",90,"example_object_movement_T217.csv",-42.6192708398537,FALSE,FALSE
"218","visible_plane - B/5/S001","visible_plane - B",5,1,218,9,80,1526.796,1530.485,"A","True",-45,"rotated_2_1",90,"example_object_movement_T218.csv",-40.2665616694245,FALSE,FALSE
"219","visible_plane - B/5/S001","visible_plane - B",5,1,219,9,81,1530.485,1534.174,"A","True",-45,"rotated_2_1",90,"example_object_movement_T219.csv",-43.8212408300888,FALSE,FALSE
"220","visible_plane - B/5/S001","visible_plane - B",5,1,220,9,82,1534.174,1538.629,"A","True",-45,"rotated_2_1",90,"example_object_movement_T220.csv",-45,FALSE,FALSE
"221","visible_plane - B/5/S001","visible_plane - B",5,1,221,9,83,1538.629,1541.741,"A","True",-45,"rotated_2_1",90,"example_object_movement_T221.csv",-47.7140210370993,FALSE,FALSE
"222","visible_plane - B/5/S001","visible_plane - B",5,1,222,9,84,1541.741,1547.096,"A","True",-45,"rotated_2_1",90,"example_object_movement_T222.csv",-39.1030364897892,FALSE,FALSE
"223","visible_plane - B/5/S001","visible_plane - B",5,1,223,9,85,1547.096,1553.274,"A","True",-45,"rotated_2_1",90,"example_object_movement_T223.csv",-47.0183991667931,FALSE,FALSE
"224","visible_plane - B/5/S001","visible_plane - B",5,1,224,9,86,1553.274,1556.185,"A","True",-45,"rotated_2_1",90,"example_object_movement_T224.csv",-47.8366601011255,FALSE,FALSE
"225","visible_plane - B/5/S001","visible_plane - B",5,1,225,9,87,1556.185,1559.252,"A","True",-45,"rotated_2_1",90,"example_object_movement_T225.csv",-41.8636416316674,FALSE,FALSE
"226","visible_plane - B/5/S001","visible_plane - B",5,1,226,9,88,1559.252,1563.808,"A","True",-45,"rotated_2_1",90,"example_object_movement_T226.csv",-42.8696294403388,FALSE,FALSE
"227","visible_plane - B/5/S001","visible_plane - B",5,1,227,9,89,1563.808,1567.63,"A","True",-45,"rotated_2_1",90,"example_object_movement_T227.csv",-37.2291141273945,FALSE,FALSE
"228","visible_plane - B/5/S001","visible_plane - B",5,1,228,9,90,1567.63,1573.464,"A","True",-45,"rotated_2_1",90,"example_object_movement_T228.csv",-38.233825177447,FALSE,FALSE
"229","visible_plane - B/5/S001","visible_plane - B",5,1,229,10,1,1573.464,1578.53,"A","False",0,"no_cursor_2_2",100,"example_object_movement_T229.csv",-39.0877997961236,TRUE,FALSE
"230","visible_plane - B/5/S001","visible_plane - B",5,1,230,10,2,1578.53,1583.03,"A","False",0,"no_cursor_2_2",140,"example_object_movement_T230.csv",-29.0089010984997,TRUE,FALSE
"231","visible_plane - B/5/S001","visible_plane - B",5,1,231,10,3,1583.03,1586.852,"A","False",0,"no_cursor_2_2",60,"example_object_movement_T231.csv",-18.6247533320739,TRUE,FALSE
"232","visible_plane - B/5/S001","visible_plane - B",5,1,232,10,4,1586.852,1590.363,"A","False",0,"no_cursor_2_2",40,"example_object_movement_T232.csv",6.42026554639904,TRUE,FALSE
"233","visible_plane - B/5/S001","visible_plane - B",5,1,233,10,5,1590.363,1593.875,"A","False",0,"no_cursor_2_2",80,"example_object_movement_T233.csv",-9.57710580953085,TRUE,FALSE
"234","visible_plane - B/5/S001","visible_plane - B",5,1,234,10,6,1593.875,1597.763,"A","False",0,"no_cursor_2_2",120,"example_object_movement_T234.csv",-14.4110643248138,TRUE,FALSE
"235","visible_plane - B/5/S001","visible_plane - B",5,1,235,10,7,1597.763,1601.841,"A","False",0,"no_cursor_2_2",100,"example_object_movement_T235.csv",-40.3742568196139,TRUE,FALSE
"236","visible_plane - B/5/S001","visible_plane - B",5,1,236,10,8,1601.841,1604.941,"A","False",0,"no_cursor_2_2",60,"example_object_movement_T236.csv",-17.8438888701325,TRUE,FALSE
"237","visible_plane - B/5/S001","visible_plane - B",5,1,237,10,9,1604.941,1609.231,"A","False",0,"no_cursor_2_2",140,"example_object_movement_T237.csv",-17.7923020271409,TRUE,FALSE
"238","visible_plane - B/5/S001","visible_plane - B",5,1,238,10,10,1609.231,1615.208,"A","False",0,"no_cursor_2_2",120,"example_object_movement_T238.csv",-40.7931031202231,TRUE,FALSE
"239","visible_plane - B/5/S001","visible_plane - B",5,1,239,10,11,1615.208,1619.386,"A","False",0,"no_cursor_2_2",80,"example_object_movement_T239.csv",-18.5975085406177,TRUE,FALSE
"240","visible_plane - B/5/S001","visible_plane - B",5,1,240,10,12,1619.386,1623.042,"A","False",0,"no_cursor_2_2",40,"example_object_movement_T240.csv",-5.98065001017354,TRUE,FALSE
"241","visible_plane - B/5/S001","visible_plane - B",5,1,241,11,1,1623.042,1629.064,"A","True",-45,"topup_rotated_2_3",90,"example_object_movement_T241.csv",-14.2753065292094,FALSE,FALSE
"242","visible_plane - B/5/S001","visible_plane - B",5,1,242,11,2,1629.064,1632.586,"A","True",-45,"topup_rotated_2_3",90,"example_object_movement_T242.csv",-43.5903212567904,FALSE,FALSE
"243","visible_plane - B/5/S001","visible_plane - B",5,1,243,11,3,1632.586,1635.698,"A","True",-45,"topup_rotated_2_3",90,"example_object_movement_T243.csv",-40.079383963636,FALSE,FALSE
"244","visible_plane - B/5/S001","visible_plane - B",5,1,244,11,4,1635.698,1640.797,"A","True",-45,"topup_rotated_2_3",90,"example_object_movement_T244.csv",-42.1683229590325,FALSE,FALSE
"245","visible_plane - B/5/S001","visible_plane - B",5,1,245,11,5,1640.797,1643.853,"A","True",-45,"topup_rotated_2_3",90,"example_object_movement_T245.csv",-23.8539058205923,FALSE,FALSE
"246","visible_plane - B/5/S001","visible_plane - B",5,1,246,11,6,1643.853,1646.964,"A","True",-45,"topup_rotated_2_3",90,"example_object_movement_T246.csv",-41.7466880998984,FALSE,FALSE
"247","visible_plane - B/5/S001","visible_plane - B",5,1,247,11,7,1646.964,1649.986,"A","True",-45,"topup_rotated_2_3",90,"example_object_movement_T247.csv",-47.3100422208024,FALSE,FALSE
"248","visible_plane - B/5/S001","visible_plane - B",5,1,248,11,8,1649.986,1653.809,"A","True",-45,"topup_rotated_2_3",90,"example_object_movement_T248.csv",-42.1633398988746,FALSE,FALSE
"249","visible_plane - B/5/S001","visible_plane - B",5,1,249,11,9,1653.809,1657.431,"A","True",-45,"topup_rotated_2_3",90,"example_object_movement_T249.csv",-43.4925642412251,FALSE,FALSE
"250","visible_plane - B/5/S001","visible_plane - B",5,1,250,11,10,1657.431,1660.509,"A","True",-45,"topup_rotated_2_3",90,"example_object_movement_T250.csv",-52.8001878841817,FALSE,FALSE
"251","visible_plane - B/5/S001","visible_plane - B",5,1,251,11,11,1660.509,1665.831,"A","True",-45,"topup_rotated_2_3",90,"example_object_movement_T251.csv",-47.3703674708687,FALSE,FALSE
"252","visible_plane - B/5/S001","visible_plane - B",5,1,252,11,12,1665.831,1669.198,"A","True",-45,"topup_rotated_2_3",90,"example_object_movement_T252.csv",-38.6598082540901,FALSE,FALSE
"253","visible_plane - B/5/S001","visible_plane - B",5,1,253,11,13,1669.198,1672.22,"A","True",-45,"topup_rotated_2_3",90,"example_object_movement_T253.csv",-40.4546646912512,FALSE,FALSE
"254","visible_plane - B/5/S001","visible_plane - B",5,1,254,11,14,1672.22,1675.953,"A","True",-45,"topup_rotated_2_3",90,"example_object_movement_T254.csv",-49.6287306678839,FALSE,FALSE
"255","visible_plane - B/5/S001","visible_plane - B",5,1,255,11,15,1675.953,1679.787,"A","True",-45,"topup_rotated_2_3",90,"example_object_movement_T255.csv",-32.7894220367928,FALSE,FALSE
"256","visible_plane - B/5/S001","visible_plane - B",5,1,256,12,1,1679.787,1686.865,"A","False",0,"no_cursor_2_4",120,"example_object_movement_T256.csv",-21.1251476579643,FALSE,FALSE
"257","visible_plane - B/5/S001","visible_plane - B",5,1,257,12,2,1686.865,1691.031,"A","False",0,"no_cursor_2_4",100,"example_object_movement_T257.csv",-26.6667912329255,FALSE,FALSE
"258","visible_plane - B/5/S001","visible_plane - B",5,1,258,12,3,1691.031,1694.487,"A","False",0,"no_cursor_2_4",60,"example_object_movement_T258.csv",-10.5824906484649,FALSE,FALSE
"259","visible_plane - B/5/S001","visible_plane - B",5,1,259,12,4,1694.487,1697.687,"A","False",0,"no_cursor_2_4",80,"example_object_movement_T259.csv",1.29117208023625,FALSE,FALSE
"260","visible_plane - B/5/S001","visible_plane - B",5,1,260,12,5,1697.687,1700.82,"A","False",0,"no_cursor_2_4",40,"example_object_movement_T260.csv",11.2344800955412,FALSE,FALSE
"261","visible_plane - B/5/S001","visible_plane - B",5,1,261,12,6,1700.82,1704.82,"A","False",0,"no_cursor_2_4",140,"example_object_movement_T261.csv",-13.6447212652731,FALSE,FALSE
"262","visible_plane - B/5/S001","visible_plane - B",5,1,262,12,7,1704.82,1708.454,"A","False",0,"no_cursor_2_4",120,"example_object_movement_T262.csv",-14.7616002283361,FALSE,FALSE
"263","visible_plane - B/5/S001","visible_plane - B",5,1,263,12,8,1708.454,1711.765,"A","False",0,"no_cursor_2_4",80,"example_object_movement_T263.csv",-13.8910924015474,FALSE,FALSE
"264","visible_plane - B/5/S001","visible_plane - B",5,1,264,12,9,1711.765,1715.654,"A","False",0,"no_cursor_2_4",100,"example_object_movement_T264.csv",-2.24332853740762,FALSE,FALSE
"265","visible_plane - B/5/S001","visible_plane - B",5,1,265,12,10,1715.654,1718.732,"A","False",0,"no_cursor_2_4",60,"example_object_movement_T265.csv",-5.5376777919744,FALSE,FALSE
"266","visible_plane - B/5/S001","visible_plane - B",5,1,266,12,11,1718.732,1724.821,"A","False",0,"no_cursor_2_4",40,"example_object_movement_T266.csv",15.9070781630658,FALSE,FALSE
"267","visible_plane - B/5/S001","visible_plane - B",5,1,267,12,12,1724.821,1728.732,"A","False",0,"no_cursor_2_4",140,"example_object_movement_T267.csv",-17.1865771578838,FALSE,FALSE
"268","visible_plane - B/5/S001","visible_plane - B",5,1,268,13,1,1728.732,1734.021,"A","True",-45,"topup_rotated_2_5",90,"example_object_movement_T268.csv",-37.7756843059547,FALSE,FALSE
"269","visible_plane - B/5/S001","visible_plane - B",5,1,269,13,2,1734.021,1736.954,"A","True",-45,"topup_rotated_2_5",90,"example_object_movement_T269.csv",-41.2012285252584,FALSE,FALSE
"270","visible_plane - B/5/S001","visible_plane - B",5,1,270,13,3,1736.954,1739.732,"A","True",-45,"topup_rotated_2_5",90,"example_object_movement_T270.csv",-41.1506336521481,FALSE,FALSE
"271","visible_plane - B/5/S001","visible_plane - B",5,1,271,13,4,1739.732,1742.599,"A","True",-45,"topup_rotated_2_5",90,"example_object_movement_T271.csv",-38.6851155755508,FALSE,FALSE
"272","visible_plane - B/5/S001","visible_plane - B",5,1,272,13,5,1742.599,1748.621,"A","True",-45,"topup_rotated_2_5",90,"example_object_movement_T272.csv",-36.0148002495773,FALSE,FALSE
"273","visible_plane - B/5/S001","visible_plane - B",5,1,273,13,6,1748.621,1751.566,"A","True",-45,"topup_rotated_2_5",90,"example_object_movement_T273.csv",-53.3580684437,FALSE,FALSE
"274","visible_plane - B/5/S001","visible_plane - B",5,1,274,13,7,1751.566,1754.61,"A","True",-45,"topup_rotated_2_5",90,"example_object_movement_T274.csv",-51.1466256596467,FALSE,FALSE
"275","visible_plane - B/5/S001","visible_plane - B",5,1,275,13,8,1754.61,1757.832,"A","True",-45,"topup_rotated_2_5",90,"example_object_movement_T275.csv",-47.9194285419761,FALSE,FALSE
"276","visible_plane - B/5/S001","visible_plane - B",5,1,276,13,9,1757.832,1762.954,"A","True",-45,"topup_rotated_2_5",90,"example_object_movement_T276.csv",-42.0390638658363,FALSE,FALSE
"277","visible_plane - B/5/S001","visible_plane - B",5,1,277,13,10,1762.954,1766.043,"A","True",-45,"topup_rotated_2_5",90,"example_object_movement_T277.csv",-40.9237437459201,FALSE,FALSE
"278","visible_plane - B/5/S001","visible_plane - B",5,1,278,13,11,1766.043,1772.254,"A","True",-45,"topup_rotated_2_5",90,"example_object_movement_T278.csv",-45.6525433053919,FALSE,FALSE
"279","visible_plane - B/5/S001","visible_plane - B",5,1,279,13,12,1772.254,1775.854,"A","True",-45,"topup_rotated_2_5",90,"example_object_movement_T279.csv",-41.99982160202,FALSE,FALSE
"280","visible_plane - B/5/S001","visible_plane - B",5,1,280,13,13,1775.854,1781.432,"A","True",-45,"topup_rotated_2_5",90,"example_object_movement_T280.csv",-44.8718217361765,FALSE,FALSE
"281","visible_plane - B/5/S001","visible_plane - B",5,1,281,13,14,1781.432,1784.41,"A","True",-45,"topup_rotated_2_5",90,"example_object_movement_T281.csv",-42.1712151077324,FALSE,FALSE
"282","visible_plane - B/5/S001","visible_plane - B",5,1,282,13,15,1784.41,1788.688,"A","True",-45,"topup_rotated_2_5",90,"example_object_movement_T282.csv",-50.5429920875041,FALSE,FALSE
"283","visible_plane - B/5/S001","visible_plane - B",5,1,283,14,1,1788.688,1793.333,"A","False",0,"no_cursor_2_6",40,"example_object_movement_T283.csv",-29.2514059941584,TRUE,TRUE
"284","visible_plane - B/5/S001","visible_plane - B",5,1,284,14,2,1793.333,1799.01,"A","False",0,"no_cursor_2_6",120,"example_object_movement_T284.csv",5.81303431664422,TRUE,TRUE
"285","visible_plane - B/5/S001","visible_plane - B",5,1,285,14,3,1799.01,1802.711,"A","False",0,"no_cursor_2_6",140,"example_object_movement_T285.csv",-13.2035113844722,TRUE,TRUE
"286","visible_plane - B/5/S001","visible_plane - B",5,1,286,14,4,1802.711,1806.01,"A","False",0,"no_cursor_2_6",80,"example_object_movement_T286.csv",-19.5175182859517,TRUE,TRUE
"287","visible_plane - B/5/S001","visible_plane - B",5,1,287,14,5,1806.01,1809.6,"A","False",0,"no_cursor_2_6",100,"example_object_movement_T287.csv",-0.595757629671496,TRUE,TRUE
"288","visible_plane - B/5/S001","visible_plane - B",5,1,288,14,6,1809.6,1812.855,"A","False",0,"no_cursor_2_6",60,"example_object_movement_T288.csv",-27.3431077526381,TRUE,TRUE
"289","visible_plane - B/5/S001","visible_plane - B",5,1,289,14,7,1812.855,1821.833,"A","False",0,"no_cursor_2_6",100,"example_object_movement_T289.csv",-9.27477570094075,TRUE,TRUE
"290","visible_plane - B/5/S001","visible_plane - B",5,1,290,14,8,1821.833,1828.122,"A","False",0,"no_cursor_2_6",120,"example_object_movement_T290.csv",1.72835799145157,TRUE,TRUE
"291","visible_plane - B/5/S001","visible_plane - B",5,1,291,14,9,1828.122,1831.722,"A","False",0,"no_cursor_2_6",80,"example_object_movement_T291.csv",-23.8847848035786,TRUE,TRUE
"292","visible_plane - B/5/S001","visible_plane - B",5,1,292,14,10,1831.722,1834.855,"A","False",0,"no_cursor_2_6",40,"example_object_movement_T292.csv",1.37574229329487,TRUE,TRUE
"293","visible_plane - B/5/S001","visible_plane - B",5,1,293,14,11,1834.855,1838.122,"A","False",0,"no_cursor_2_6",140,"example_object_movement_T293.csv",-6.02100481557264,TRUE,TRUE
"294","visible_plane - B/5/S001","visible_plane - B",5,1,294,14,12,1838.122,1841.3,"A","False",0,"no_cursor_2_6",60,"example_object_movement_T294.csv",-21.0672267814909,TRUE,TRUE
"295","visible_plane - B/5/S001","visible_plane - B",5,1,295,15,1,1841.3,1845.244,"A","True",-45,"topup_rotated_2_7",90,"example_object_movement_T295.csv",-35.8529196151249,FALSE,FALSE
"296","visible_plane - B/5/S001","visible_plane - B",5,1,296,15,2,1845.244,1850.589,"A","True",-45,"topup_rotated_2_7",90,"example_object_movement_T296.csv",-23.2604872625398,FALSE,FALSE
"297","visible_plane - B/5/S001","visible_plane - B",5,1,297,15,3,1850.589,1853.322,"A","True",-45,"topup_rotated_2_7",90,"example_object_movement_T297.csv",-62.2496880042996,FALSE,FALSE
"298","visible_plane - B/5/S001","visible_plane - B",5,1,298,15,4,1853.322,1858.533,"A","True",-45,"topup_rotated_2_7",90,"example_object_movement_T298.csv",-50.4875570600913,FALSE,FALSE
"299","visible_plane - B/5/S001","visible_plane - B",5,1,299,15,5,1858.533,1861.467,"A","True",-45,"topup_rotated_2_7",90,"example_object_movement_T299.csv",-45.8478671887825,FALSE,FALSE
"300","visible_plane - B/5/S001","visible_plane - B",5,1,300,15,6,1861.467,1864.511,"A","True",-45,"topup_rotated_2_7",90,"example_object_movement_T300.csv",-42.8972118882285,FALSE,FALSE
"301","visible_plane - B/5/S001","visible_plane - B",5,1,301,15,7,1864.511,1867.8,"A","True",-45,"topup_rotated_2_7",90,"example_object_movement_T301.csv",-36.6808033505003,FALSE,FALSE
"302","visible_plane - B/5/S001","visible_plane - B",5,1,302,15,8,1867.8,1872.301,"A","True",-45,"topup_rotated_2_7",90,"example_object_movement_T302.csv",-43.4792303388562,FALSE,FALSE
"303","visible_plane - B/5/S001","visible_plane - B",5,1,303,15,9,1872.301,1877.967,"A","True",-45,"topup_rotated_2_7",90,"example_object_movement_T303.csv",-59.1985540238632,FALSE,FALSE
"304","visible_plane - B/5/S001","visible_plane - B",5,1,304,15,10,1877.967,1881.001,"A","True",-45,"topup_rotated_2_7",90,"example_object_movement_T304.csv",-51.9225586066836,FALSE,FALSE
"305","visible_plane - B/5/S001","visible_plane - B",5,1,305,15,11,1881.001,1884.567,"A","True",-45,"topup_rotated_2_7",90,"example_object_movement_T305.csv",-59.7827260426157,FALSE,FALSE
"306","visible_plane - B/5/S001","visible_plane - B",5,1,306,15,12,1884.567,1888.756,"A","True",-45,"topup_rotated_2_7",90,"example_object_movement_T306.csv",-44.6484965601267,FALSE,FALSE
"307","visible_plane - B/5/S001","visible_plane - B",5,1,307,15,13,1888.756,1893.801,"A","True",-45,"topup_rotated_2_7",90,"example_object_movement_T307.csv",-47.2176351081916,FALSE,FALSE
"308","visible_plane - B/5/S001","visible_plane - B",5,1,308,15,14,1893.801,1898.49,"A","True",-45,"topup_rotated_2_7",90,"example_object_movement_T308.csv",-49.3461243546025,FALSE,FALSE
"309","visible_plane - B/5/S001","visible_plane - B",5,1,309,15,15,1898.49,1901.801,"A","True",-45,"topup_rotated_2_7",90,"example_object_movement_T309.csv",-54.0099447465145,FALSE,FALSE
"310","visible_plane - B/5/S001","visible_plane - B",5,1,310,16,1,1901.801,1906.656,"A","False",0,"no_cursor_2_8",140,"example_object_movement_T310.csv",-4.10681967181199,FALSE,TRUE
"311","visible_plane - B/5/S001","visible_plane - B",5,1,311,16,2,1906.656,1910.567,"A","False",0,"no_cursor_2_8",120,"example_object_movement_T311.csv",-44.5470392620889,FALSE,TRUE
"312","visible_plane - B/5/S001","visible_plane - B",5,1,312,16,3,1910.567,1914.101,"A","False",0,"no_cursor_2_8",40,"example_object_movement_T312.csv",-4.82393172341589,FALSE,TRUE
"313","visible_plane - B/5/S001","visible_plane - B",5,1,313,16,4,1914.101,1920.501,"A","False",0,"no_cursor_2_8",100,"example_object_movement_T313.csv",9.08001222670467,FALSE,TRUE
"314","visible_plane - B/5/S001","visible_plane - B",5,1,314,16,5,1920.501,1925.168,"A","False",0,"no_cursor_2_8",80,"example_object_movement_T314.csv",-26.9712462067327,FALSE,TRUE
"315","visible_plane - B/5/S001","visible_plane - B",5,1,315,16,6,1925.168,1928.479,"A","False",0,"no_cursor_2_8",60,"example_object_movement_T315.csv",-24.9788586961913,FALSE,TRUE
"316","visible_plane - B/5/S001","visible_plane - B",5,1,316,16,7,1928.479,1933.834,"A","False",0,"no_cursor_2_8",120,"example_object_movement_T316.csv",6.14204123637165,FALSE,TRUE
"317","visible_plane - B/5/S001","visible_plane - B",5,1,317,16,8,1933.834,1937.057,"A","False",0,"no_cursor_2_8",100,"example_object_movement_T317.csv",-12.3404866607368,FALSE,TRUE
"318","visible_plane - B/5/S001","visible_plane - B",5,1,318,16,9,1937.057,1940.168,"A","False",0,"no_cursor_2_8",80,"example_object_movement_T318.csv",-22.8589993660291,FALSE,TRUE
"319","visible_plane - B/5/S001","visible_plane - B",5,1,319,16,10,1940.168,1943.246,"A","False",0,"no_cursor_2_8",40,"example_object_movement_T319.csv",-4.8437233906944,FALSE,TRUE
"320","visible_plane - B/5/S001","visible_plane - B",5,1,320,16,11,1943.246,1946.635,"A","False",0,"no_cursor_2_8",60,"example_object_movement_T320.csv",-7.51110079835995,FALSE,TRUE
"321","visible_plane - B/5/S001","visible_plane - B",5,1,321,16,12,1946.635,1950.701,"A","False",0,"no_cursor_2_8",140,"example_object_movement_T321.csv",1.2258290644258,FALSE,TRUE
